Label,Group,Group2,Timepoint,Cage ,Cage.Treat,Pheno.Treat,Cage.Pheno,Rep,184 F,184 M,188 F,188 M,192 F,192 M,208 F,208 M,212 F,212 M,216 F,216 M,232 F,232 M,236 F,236 M,240 F,240 M,256 F,256 M,260 F,260 M,264 F,264 M,280 F,280 M,284 F,284 M,288 F,288 M,304 F,304 M,308 F,308 M,312 F,312 M,328 F,328 M,332 F,332 M,336 F,336 M,352 F,352 M,356 F,356 M,360 F,360 M,376 F,376 M,380 F,380 M,384 F,384 M,400 F,400 M,404 F,404 M,408 F,408 M,F total Count,M Total Count,F count x time,M count x time,CountTotal ,Mean.F.LD,Mean.M.LD,Mean.LD
B-1-b1,0-bb,0-F-bb,0,F,b,b,bb,1,0,0,0,0,0,0,1,0,0,0,12,12,11,12,0,0,2,0,0,0,0,0,0,0,0,0,0,0,0,0,0,0,0,0,0,0,0,0,0,0,0,0,0,0,0,0,0,0,0,0,0,0,0,0,0,0,0,0,0,0,26,24,5832,5376,50,224.3076923,224,224.16
B-1-b2,0-bb,0-F-bb,0,F,b,b,bb,2,,,,,,,1,1,,,19,8,10,10,,,1,0,1,0,,,0,0,,,,,,,,,,,1,0,,,,,,,,,,,,,,,,,,,,,,,,,33,19,7440,4256,52,225.4545455,224,224.9230769
B-1-b3,0-bb,0-F-bb,0,F,b,b,bb,3,,,,,,,3,0,,,20,16,0,7,,,1,1,0,0,,,0,0,,,,,,,,,,,,,,,,,,,,,,,,,,,,,,,,,,,,,24,24,5184,5320,48,216,221.6666667,218.8333333
B-1-b4,0-bb,0-F-bb,0,F,b,b,bb,4,,,,,,,1,3,,,15,17,1,8,,,0,1,0,0,,,0,0,,,,,,,,,,,,,,,,,,,,,,,,,,,,,,,,,,,,,17,29,3680,6392,46,216.4705882,220.4137931,218.9565217
B-1-a1,0-ba,0-F-ba,0,F,b,a,ba,1,,,,,,,1,0,,,4,4,4,7,,,0,1,2,1,,,1,2,,,,,,,,,,,,,,,,,1,0,,,,,,,,,,,,,,,,,,,13,15,3112,3512,28,239.3846154,234.1333333,236.5714286
B-1-a2,0-ba,0-F-ba,0,F,b,a,ba,2,,,,,,,0,0,,,4,4,7,6,,,2,8,1,1,,,2,1,,,,,0,1,,,,,,,,,,,,,,,,,,,,,,,,,,,,,,,16,21,3752,4984,37,234.5,237.3333333,236.1081081
B-1-a3,0-ba,0-F-ba,0,F,b,a,ba,3,,,,,,,1,0,,,3,1,7,5,,,5,1,2,1,,,1,3,,,,,,,1,0,,,,,,,,,,,,,,,,,,,,,,,,,,,,,20,11,4760,2664,31,238,242.1818182,239.483871
B-1-a4,0-ba,0-F-ba,0,F,b,a,ba,4,,,,,,,0,0,,,5,3,6,4,,,4,3,1,1,,,2,0,,,,,,,,,,,,,,,,,,,,,,,,,,,,,,,,,,,,,18,11,4216,2552,29,234.2222222,232,233.3793103
B-2-b1,0-bb,0-F-bb,0,F,b,b,bb,1,,,,,,,3,2,,,19,8,4,5,,,1,1,0,0,,,1,0,,,,,,,,,,,,,,,,,,,,,,,,,,,,,,,,,,,,,28,16,6160,3544,44,220,221.5,220.5454545
B-2-b2,0-bb,0-F-bb,0,F,b,b,bb,2,,,,,,,3,1,,,19,12,10,5,,,0,0,0,0,,,0,0,,,,,,,0,1,,,,,,,,,,,,,,,,,,,,,,,,,,,,,32,19,7048,4264,51,220.25,224.4210526,221.8039216
B-2-b3,0-bb,0-F-bb,0,F,b,b,bb,3,,,,,,,0,0,,,17,8,5,14,,,1,0,0,0,,,0,0,,,,,,,,,,,,,,,,,,,,,,,,,,,,,,,,,,,,,23,22,5072,4976,45,220.5217391,226.1818182,223.2888889
B-2-b4,0-bb,0-F-bb,0,F,b,b,bb,4,,,,,,,1,0,,,20,15,3,13,,,0,0,0,0,,,0,0,,,,,,,,,,,,,,,,,,,,,,,,,,,,,,,,,,,,,24,28,5224,6256,52,217.6666667,223.4285714,220.7692308
B-2-a1,0-ba,0-F-ba,0,F,b,a,ba,1,,,,,,,2,4,,,5,6,3,2,,,3,2,0,2,,,1,2,,,,,0,1,,,,,,,,,,,,,,,,,,,,,,,,,,,,,,,14,19,3176,4400,33,226.8571429,231.5789474,229.5757576
B-2-a2,0-ba,0-F-ba,0,F,b,a,ba,2,,,,,,,0,0,,,6,2,3,8,,,7,3,0,1,,,3,1,,,,,,,,,,,,,,,,,,,,,,,,,,,,,,,,,,,,,19,15,4464,3528,34,234.9473684,235.2,235.0588235
B-2-a3,0-ba,0-F-ba,0,F,b,a,ba,3,,,,,,,4,0,,,9,4,6,7,,,1,0,2,1,,,1,0,,,,,0,2,,,,,,,,,,,,,,,,,,,,,,,,,,,,,,,23,14,5184,3320,37,225.3913043,237.1428571,229.8378378
B-2-a4,0-ba,0-F-ba,0,F,b,a,ba,4,,,,,,,0,0,,,6,2,3,7,,,4,2,1,1,,,1,3,,,,,1,0,,,,,,,0,1,,,,,,,,,,,,,,,,,,,,,,,16,16,3760,3912,32,235,244.5,239.75
B-3-b1,0-bb,0-F-bb,0,F,b,b,bb,1,,,,,,,1,0,,,16,10,8,16,,,3,2,1,1,,,0,0,,,,,,,,,,,,,,,,,,,,,,,,,,,,,,,,,,,,,29,29,6496,6608,58,224,227.862069,225.9310345
B-3-b2,0-bb,0-F-bb,0,F,b,b,bb,2,,,,,,,0,0,,,12,3,16,14,,,11,6,0,0,,,5,1,,,,,,,0,1,,,,,,,,,,,,,,,,,,,,,,,,,,,,,44,25,10264,5904,69,233.2727273,236.16,234.3188406
B-3-b3,0-bb,0-F-bb,0,F,b,b,bb,3,,,,,,,3,0,,,30,4,8,5,,,2,1,0,0,,,0,1,,,,,,,0,1,,,,,,,,,,,,,,,,,,,,,,,,,,,,,43,12,9440,2832,55,219.5348837,236,223.1272727
B-3-b4,0-bb,0-F-bb,0,F,b,b,bb,4,,,,,,,0,1,,,19,11,7,13,,,3,2,1,0,,,0,1,,,,,,,,,,,,,,,,,,,,,,,,,,,,,,,,,,,,,30,28,6704,6344,58,223.4666667,226.5714286,224.9655172
B-3-a1,0-ba,0-F-ba,0,F,b,a,ba,1,,,,,,,0,0,,,3,1,4,4,,,2,6,1,6,,,2,1,,,,,2,1,,,,,,,,,,,,,,,,,,,,,,,,,,,,,,,14,19,3416,4672,33,244,245.8947368,245.0909091
B-3-a2,0-ba,0-F-ba,0,F,b,a,ba,2,,,,,,,0,0,,,4,0,5,5,,,4,7,3,2,,,1,3,,,,,2,2,,,,,,,,,,,,,,,,,,,,,,,,,,,,,,,19,19,4592,4720,38,241.6842105,248.4210526,245.0526316
B-3-a3,0-ba,0-F-ba,0,F,b,a,ba,3,,,,,,,0,0,,,4,3,5,2,,,5,7,1,2,,,6,3,,,,,4,3,2,1,,,,,,,,,,,,,,,,,,,,,,,,,,,,,27,21,6824,5264,48,252.7407407,250.6666667,251.8333333
B-3-a4,0-ba,0-F-ba,0,F,b,a,ba,4,,,,,,,0,0,,,2,1,5,3,,,6,3,2,3,,,1,4,,,,,2,4,,,,,,,,,,,,,,,,,,,,,,,,,,,,,,,18,18,4384,4608,36,243.5555556,256,249.7777778
B-4-b1,0-bb,0-F-bb,0,F,b,b,bb,1,,,,,,,1,0,,,9,8,6,13,,,3,12,0,1,,,0,0,,,,,,,,,,,,,,,,,,,,,,,,,,,,,,,,,,,,,19,34,4264,7880,53,224.4210526,231.7647059,229.1320755
B-4-b2,0-bb,0-F-bb,0,F,b,b,bb,2,,,,,,,0,1,,,16,9,2,1,,,2,6,0,2,,,0,1,,,,,,,,,,,,,,,,,,,,,,,,,,,,,,,,,,,,,20,20,4400,4600,40,220,230,225
B-4-b3,0-bb,0-F-bb,0,F,b,b,bb,3,,,,,,,1,0,,,14,5,7,7,,,2,6,0,1,,,0,0,,,,,,,,,,,,,,,,,,,,,,,,,,,,,,,,,,,,,24,19,5336,4400,43,222.3333333,231.5789474,226.4186047
B-4-b4,0-bb,0-F-bb,0,F,b,b,bb,4,,,,,,,1,0,,,5,6,4,14,,,3,8,1,0,,,0,0,,,,,,,,,,,,,,,,,,,,,,,,,,,,,,,,,,,,,14,28,3192,6464,42,228,230.8571429,229.9047619
B-4-a1,0-ba,0-F-ba,0,F,b,a,ba,1,,,,,,,0,0,,,1,0,5,5,,,3,4,4,8,,,2,2,,,,,2,0,,,,,,,,,,,,,,,,,,,,,,,,,,,,,,,17,19,4224,4696,36,248.4705882,247.1578947,247.7777778
B-4-a2,0-ba,0-F-ba,0,F,b,a,ba,2,,,,,,,0,0,,,1,1,3,6,,,9,5,0,5,,,2,4,,,,,0,1,,,,,,,0,1,,,,,,,,,,,,,,,,,,,,,,,15,23,3600,5760,38,240,250.4347826,246.3157895
B-4-a3,0-ba,0-F-ba,0,F,b,a,ba,3,,,,,,,0,0,,,1,1,3,8,,,5,11,2,0,,,0,2,,,,,1,0,,,,,0,1,,,,,,,,,,,,,,,,,,,,,,,,,12,23,2912,5552,35,242.6666667,241.3913043,241.8285714
B-4-a4,0-ba,0-F-ba,0,F,b,a,ba,4,,,,,,,0,0,,,6,4,3,6,,,2,5,3,5,,,0,1,,,,,2,2,,,,,,,,,,,,,,,,,,,,,,,,,,,,,,,16,23,3816,5576,39,238.5,242.4347826,240.8205128
T1-A1-1,1-aa,1-A1-aa,1,A1,a,a,aa,1,,,,,0,0,2,0,0,0,4,2,6,7,1,3,4,6,6,5,1,0,1,4,1,1,1,0,,,,,,,,,,,,,,,,,,,,,,,,,,,,,,,,,27,28,6492,6820,55,240.4444444,243.5714286,242.0363636
T1-A1-2,1-aa,1-A1-aa,1,A1,a,a,aa,2,,,,,0,0,2,0,3,0,1,2,0,7,2,1,1,4,4,2,3,2,,,0,3,,,,,,,,,,,,,,,,,,,,,,,,,,,,,,,,,,,16,21,3784,5124,37,236.5,244,240.7567568
T1-A1-3,1-aa,1-A1-aa,1,A1,a,a,aa,3,,,,,0,0,2,1,2,3,0,1,4,7,2,1,0,1,1,4,2,1,,,,,,,,,,,,,,,,,,,,,,,,,,,,,,,,,,,,,,,13,19,3016,4444,32,232,233.8947368,233.125
T1-A2-1,1-aa,1-A2-aa,1,A2,a,a,aa,1,,,,,0,0,1,0,2,0,7,2,6,9,2,1,4,6,3,3,3,0,1,0,1,0,,,,,,,,,,,,,,,,,,,,,,,,,,,,,,,,,,,30,21,7060,4964,51,235.3333333,236.3809524,235.7647059
T1-A2-2,1-aa,1-A2-aa,1,A2,a,a,aa,2,,,,,0,0,2,1,3,1,2,3,7,13,4,7,3,2,1,3,1,1,,,,,,,,,,,,,,,,,,,,,,,,,,,,,,,,,,,,,,,23,31,5288,7244,54,229.9130435,233.6774194,232.0740741
T1-A2-3,1-aa,1-A2-aa,1,A2,a,a,aa,3,,,,,0,0,6,0,4,3,3,2,4,7,4,4,2,2,1,1,0,1,1,3,0,1,,,,,,,,,,,,,,,,,,,,,,,,,,,,,,,,,,,25,24,5616,5704,49,224.64,237.6666667,231.0204082
T1-A3-1,1-aa,1-A3-aa,1,A3,a,a,aa,1,,,,,1,0,3,1,1,0,3,4,6,9,6,7,0,6,6,2,1,2,1,2,0,3,,,,,,,,,,,,,,,,,,,,,,,,,,,,,,,,,,,28,36,6544,8652,64,233.7142857,240.3333333,237.4375
T1-A3-2,1-aa,1-A3-aa,1,A3,a,a,aa,2,,,,,0,0,3,2,1,0,3,3,5,9,3,0,2,5,1,3,,,2,0,0,1,,,,,,,,,,,,,,,,,,,,,,,,,,,,,,,,,,,20,23,4616,5400,43,230.8,234.7826087,232.9302326
T1-A3-3,1-aa,1-A3-aa,1,A3,a,a,aa,3,,,,,0,0,2,0,0,4,6,1,6,7,4,4,1,3,3,5,0,1,0,1,1,0,1,0,,,,,,,,,,,,,,,,,,,,,,,,,,,,,,,,,24,26,5620,6156,50,234.1666667,236.7692308,235.52
T1-A4-1,1-aa,1-A4-aa,1,A4,a,a,aa,1,,,,,0,0,0,0,2,0,7,2,5,5,1,2,8,4,3,4,,,,,0,1,,,,,,,,,,,,,,,,,,,,,,,,,,,,,,,,,,,26,18,6020,4328,44,231.5384615,240.4444444,235.1818182
T1-A4-2,1-aa,1-A4-aa,1,A4,a,a,aa,2,,,,,0,0,0,0,1,0,6,2,9,10,2,0,4,4,4,5,1,0,1,1,1,0,1,0,,,,,,,,,,,,,,,,,,,,,,,,,,,,,,,,,30,22,7140,5256,52,238,238.9090909,238.3846154
T1-A4-3,1-aa,1-A4-aa,1,A4,a,a,aa,3,,,,,0,0,1,1,1,0,4,4,3,9,3,6,0,3,2,3,2,1,1,1,0,1,,,,,,,,,,,,,,,,,,,,,,,,,,,,,,,,,,,17,29,3984,6868,46,234.3529412,236.8275862,235.9130435
T1-A5-1,1-aa,1-A5-aa,1,A5,a,a,aa,1,,,,,0,0,1,0,1,0,2,0,3,5,4,4,4,5,4,7,0,1,0,1,1,0,,,,,,,,,,,,,,,,,,,,,,,,,,,,,,,,,,,20,23,4756,5620,43,237.8,244.3478261,241.3023256
T1-A5-2,1-aa,1-A5-aa,1,A5,a,a,aa,2,,,,,0,0,1,1,0,1,4,4,6,3,3,4,1,0,3,3,1,0,,,2,1,,,,,,,,,,,,,,,,,,,,,,,,,,,,,,,,,,,21,17,5000,3972,38,238.0952381,233.6470588,236.1052632
T1-A5-3,1-aa,1-A5-aa,1,A5,a,a,aa,3,,,,,0,0,2,0,4,0,3,3,1,2,4,3,1,6,3,2,1,2,1,0,,,0,1,,,,,,,,,,,,,,,,,,,,,,,,,,,,,,,,,20,19,4620,4576,39,231,240.8421053,235.7948718
T1-A6-1,1-aa,1-A6-aa,1,A6,a,a,aa,1,,,,,0,0,3,2,1,3,0,4,10,9,5,3,0,0,2,1,0,1,2,0,0,2,,,,,,,,,,,,,,,,,,,,,,,,,,,,,,,,,,,23,25,5376,5788,48,233.7391304,231.52,232.5833333
T1-A6-2,1-aa,1-A6-aa,1,A6,a,a,aa,2,,,,,0,0,5,2,0,0,3,2,6,4,5,4,1,0,1,1,,,,,,,,,,,,,,,,,,,,,,,,,,,,,,,,,,,,,,,,,21,13,4756,2976,34,226.4761905,228.9230769,227.4117647
T1-A6-3,1-aa,1-A6-aa,1,A6,a,a,aa,3,,,,,0,0,4,0,2,1,5,1,10,5,0,5,0,0,2,1,0,1,0,2,1,0,,,,,,,,,,,,,,,,,,,,,,,,,,,,,,,,,,,24,16,5448,3812,40,227,238.25,231.5
T1-B1-1,1-bb,1-B1-bb,1,B1,b,b,bb,1,,,,,1,0,13,5,5,2,5,2,1,4,0,1,0,0,2,0,,,,,,,,,,,,,,,,,,,,,,,,,,,,,,,,,,,,,,,,,27,14,5780,3060,41,214.0740741,218.5714286,215.6097561
T1-B1-2,1-bb,1-B1-bb,1,B1,b,b,bb,2,,,,,0,0,9,0,4,4,6,9,6,11,0,1,0,0,0,0,0,1,,,,,,,,,,,,,,,,,,,,,,,,,,,,,,,,,,,,,,,25,26,5408,5840,51,216.32,224.6153846,220.5490196
T1-B1-3,1-bb,1-B1-bb,1,B1,b,b,bb,3,,,,,0,0,12,1,6,7,6,2,5,6,1,3,0,0,0,0,,,,,,,,,,,,,,,,,,,,,,,,,,,,,,,,,,,,,,,,,30,19,6460,4224,49,215.3333333,222.3157895,218.0408163
T1-B2-1,1-bb,1-B2-bb,1,B2,b,b,bb,1,,,,,0,0,6,6,6,4,6,4,3,8,2,6,0,1,0,0,,,,,,,,,,,,,,,,,,,,,,,,,,,,,,,,,,,,,,,,,23,29,4984,6472,52,216.6956522,223.1724138,220.3076923
T1-B2-2,1-bb,1-B2-bb,1,B2,b,b,bb,2,,,,,0,0,10,7,6,5,4,10,3,8,0,0,0,0,0,0,,,,,,,,,,,,,,,,,,,,,,,,,,,,,,,,,,,,,,,,,23,30,4912,6532,53,213.5652174,217.7333333,215.9245283
T1-B2-3,1-bb,1-B2-bb,1,B2,b,b,bb,3,,,,,0,0,5,3,5,3,13,6,3,6,5,8,0,2,0,1,,,,,,,,,,,,,,,,,,,,,,,,,,,,,,,,,,,,,,,,,31,29,6784,6572,60,218.8387097,226.6206897,222.6
T1-B3-1,1-bb,1-B3-bb,1,B3,b,b,bb,1,,,,,0,0,8,3,11,7,8,7,10,4,4,3,0,5,0,0,,,,,,,,,,,,,,,,,,,,,,,,,,,,,,,,,,,,,,,,,41,29,8988,6456,70,219.2195122,222.6206897,220.6285714
T1-B3-2,1-bb,1-B3-bb,1,B3,b,b,bb,2,,,,,0,0,18,4,6,7,0,6,0,6,0,0,0,0,0,0,,,,,,,,,,,,,,,,,,,,,,,,,,,,,,,,,,,,,,,,,24,23,5016,5004,47,209,217.5652174,213.1914894
T1-B3-3,1-bb,1-B3-bb,1,B3,b,b,bb,3,,,,,0,0,9,1,7,4,7,9,4,5,3,0,0,0,0,0,0,1,,,,,,,,,,,,,,,,,,,,,,,,,,,,,,,,,,,,,,,30,20,6504,4420,50,216.8,221,218.48
T1-B4-1,1-bb,1-B4-bb,1,B4,b,b,bb,1,,,,,0,0,17,4,2,5,6,4,3,3,0,0,0,0,0,0,,,,,,,,,,,,,,,,,,,,,,,,,,,,,,,,,,,,,,,,,28,16,5952,3452,44,212.5714286,215.75,213.7272727
T1-B4-2,1-bb,1-B4-bb,1,B4,b,b,bb,2,,,,,0,1,9,13,4,2,5,9,2,2,0,0,1,0,0,0,,,,,,,,,,,,,,,,,,,,,,,,,,,,,,,,,,,,,,,,,21,27,4504,5728,48,214.4761905,212.1481481,213.1666667
T1-B4-3,1-bb,1-B4-bb,1,B4,b,b,bb,3,,,,,0,0,11,10,1,5,7,7,6,3,0,0,0,0,0,0,,,,,,,,,,,,,,,,,,,,,,,,,,,,,,,,,,,,,,,,,25,25,5404,5348,50,216.16,213.92,215.04
T1-B5-1,1-bb,1-B5-bb,1,B5,b,b,bb,1,,,,,0,0,14,4,6,5,3,6,4,6,2,2,0,1,1,0,,,,,,,,,,,,,,,,,,,,,,,,,,,,,,,,,,,,,,,,,30,24,6488,5292,54,216.2666667,220.5,218.1481481
T1-B5-2,1-bb,1-B5-bb,1,B5,b,b,bb,2,,,,,0,0,8,0,3,3,6,6,9,6,6,6,0,1,1,2,,,,,,,,,0,1,,,,,,,,,,,,,,,,,,,,,,,,,,,,,,,33,25,7356,5780,58,222.9090909,231.2,226.4827586
T1-B5-3,1-bb,1-B5-bb,1,B5,b,b,bb,3,,,,,0,0,11,1,6,2,8,7,6,10,1,2,1,3,0,1,,,,,,,,,,,,,,,,,,,,,,,,,,,,,,,,,,,,,,,,,33,26,7156,5912,59,216.8484848,227.3846154,221.4915254
T1-B6-1,1-bb,1-B6-bb,1,B6,b,b,bb,1,,,,,1,0,7,2,6,2,9,8,8,10,3,1,0,3,1,1,,,,,,,,,,,,,,,,,,,,,,,,,,,,,,,,,,,,,,,,,35,27,7684,6100,62,219.5428571,225.9259259,222.3225806
T1-B6-2,1-bb,1-B6-bb,1,B6,b,b,bb,2,,,,,0,0,1,1,6,0,9,10,8,10,3,5,0,1,0,3,,,,,,,,,,,,,,,,,,,,,,,,,,,,,,,,,,,,,,,,,27,30,5988,6876,57,221.7777778,229.2,225.6842105
T1-B6-3,1-bb,1-B6-bb,1,B6,b,b,bb,3,,,,,2,2,15,3,2,8,2,6,4,3,0,0,0,0,0,0,,,,,,,,,,,,,,,,,,,,,,,,,,,,,,,,,,,,,,,,,25,22,5288,4696,47,211.52,213.4545455,212.4255319
T2-A1-a1,2-aa,2-A1-aa,2,A1,a,a,aa,1,,,,,,,1,0,1,0,2,0,6,9,6,1,1,2,3,9,0,0,,,1,0,,,,,,,0,1,,,,,,,,,,,,,,,,,,,,,,,,,,,21,21,4948,5416,42,235.6190476,257.9047619,246.7619048
T2-A1-a2,2-aa,2-A1-aa,2,A1,a,a,aa,2,,,,,,,0,0,1,0,1,1,8,6,4,3,3,5,6,7,0,0,0,1,0,0,1,0,,,,,0,1,,,,,,,,,,,,,,,,,,,,,,,,,,,24,23,5768,5880,47,240.3333333,255.6521739,247.8297872
T2-A1-a3,2-aa,2-A1-aa,2,A1,a,a,aa,3,,,,,,,1,0,0,0,2,2,8,7,3,4,1,1,6,4,0,0,0,1,0,0,,,,,,,,,,,,,,,,,,,,,,,,,,,,,,,,,,,21,19,4980,4528,40,237.1428571,238.3157895,237.7
T2-A1-b1,2-ab,2-A1-ab,2,A1,a,b,ab,1,1,0,,,7,1,11,10,2,6,0,6,0,3,0,0,0,0,0,0,0,0,,,,,,,,,,,,,,,,,,,,,,,,,,,,,,,,,,,,,,,21,26,4240,5536,47,201.9047619,212.9230769,208
T2-A1-b2,2-ab,2-A1-ab,2,A1,a,b,ab,2,,,7,0,4,3,8,6,4,6,0,0,1,0,0,0,0,0,0,0,0,0,,,,,,,,,,,,,,,,,,,,,,,,,,,,,,,,,,,,,,,24,15,4828,3096,39,201.1666667,206.4,203.1794872
T2-A1-b3,2-ab,2-A1-ab,2,A1,a,b,ab,3,,,3,0,5,1,8,12,2,2,1,0,6,8,0,1,1,0,0,1,0,0,,,,,,,,,,,,,,,,,,,,,,,,,,,,,,,,,,,,,,,26,25,5460,5460,51,210,218.4,214.1176471
T2-A2-a1,2-aa,2-A2-aa,2,A2,a,a,aa,1,,,,,,,3,2,2,0,5,1,10,7,2,6,2,4,2,3,0,0,,,1,4,1,0,,,,,,,,,,,,,,,,,,,,,,,,,,,,,,,,,28,27,6476,6520,55,231.2857143,241.4814815,236.2909091
T2-A2-a2,2-aa,2-A2-aa,2,A2,a,a,aa,2,,,,,,,4,1,4,3,3,3,4,9,2,0,0,1,1,2,0,0,,,0,2,,,,,,,,,,,,,,,,,,,,,,,,,,,,,,,,,,,18,21,3984,4892,39,221.3333333,232.952381,227.5897436
T2-A2-a3,2-aa,2-A2-aa,2,A2,a,a,aa,3,,,,,,,1,0,3,2,0,4,5,10,1,2,0,1,1,3,1,1,1,1,,,,,,,,,,,,,,,,,,,,,,,,,,,,,,,,,,,,,13,24,3020,5612,37,232.3076923,233.8333333,233.2972973
T2-A2-b1,2-ab,2-A2-ab,2,A2,a,b,ab,1,,,1,0,4,2,23,15,2,2,0,0,1,0,0,0,1,0,0,0,0,0,,,,,,,,,,,,,,,,,,,,,,,,,,,,,,,,,,,,,,,32,19,6636,3928,51,207.375,206.7368421,207.1372549
T2-A2-b2,2-ab,2-A2-ab,2,A2,a,b,ab,2,,,2,0,5,0,9,17,1,8,0,1,0,2,0,1,0,0,0,0,0,0,,,,,,,,,,,,,,,,,,,,,,,,,,,,,,,,,,,,,,,17,29,3420,6148,46,201.1764706,212,208
T2-A2-b3,2-ab,2-A2-ab,2,A2,a,b,ab,3,,,1,0,6,1,20,9,1,8,0,2,2,3,0,2,0,0,0,0,0,0,,,0,1,,,,,,,,,,,,,,,,,,,,,,,,,,,,,,,,,,,30,26,6176,5640,56,205.8666667,216.9230769,211
T2-A3-a1,2-aa,2-A3-aa,2,A3,a,a,aa,1,,,,,,,1,0,4,1,2,3,1,6,1,2,2,1,7,1,1,0,,,1,0,,,,,,,,,,,,,,,,,,,,,,,,,,,,,,,,,,,20,14,4768,3220,34,238.4,230,234.9411765
T2-A3-a2,2-aa,2-A3-aa,2,A3,a,a,aa,2,,,,,,,2,0,2,1,2,0,5,7,2,3,1,4,1,2,0,0,,,,,,,,,,,,,,,,,,,,,,,,,,,,,,,,,,,,,,,15,17,3400,4016,32,226.6666667,236.2352941,231.75
T2-A3-a3,2-aa,2-A3-aa,2,A3,a,a,aa,3,,,,,,,1,0,3,1,3,3,3,13,3,2,0,2,4,3,0,0,,,0,1,,,,,,,,,,,,,,,,,,,,,,,,,,,,,,,,,,,17,25,3920,5876,42,230.5882353,235.04,233.2380952
T2-A3-b1,2-ab,2-A3-ab,2,A3,a,b,ab,1,,,,,3,0,11,10,0,1,3,2,9,11,2,2,0,0,1,0,0,0,,,,,,,,,,,,,,,,,,,,,,,,,,,,,,,,,,,,,,,29,26,6328,5748,55,218.2068966,221.0769231,219.5636364
T2-A3-b2,2-ab,2-A3-ab,2,A3,a,b,ab,2,,,,,3,0,13,15,3,0,1,0,0,3,0,0,0,0,0,0,0,0,,,,,,,,,,,,,,,,,,,,,,,,,,,,,,,,,,,,,,,20,18,4132,3816,38,206.6,212,209.1578947
T2-A3-b3,2-ab,2-A3-ab,2,A3,a,b,ab,3,,,,,,,15,5,4,5,0,0,12,7,6,2,1,1,0,0,0,1,,,,,,,,,,,,,,,,,,,,,,,,,,,,,,,,,,,,,,,38,21,8408,4696,59,221.2631579,223.6190476,222.1016949
T2-A4-a1,2-aa,2-A4-aa,2,A4,a,a,aa,1,,,,,,,4,1,2,2,4,3,5,10,1,7,1,2,3,3,1,1,,,2,0,0,1,,,,,,,,,,,,,,,,,,,,,,,,,,,,,,,,,23,30,5344,7044,53,232.3478261,234.8,233.7358491
T2-A4-a2,2-aa,2-A4-aa,2,A4,a,a,aa,2,,,,,,,2,0,5,4,0,1,5,15,0,1,1,2,1,3,0,1,0,1,,,0,0,,,,,,,,,,,,,,,,,,,,,,,,,,,,,,,,,14,28,3132,6552,42,223.7142857,234,230.5714286
T2-A4-a3,2-aa,2-A4-aa,2,A4,a,a,aa,3,,,,,,,0,0,0,4,2,3,8,11,0,3,0,0,3,5,0,0,,,,,0,1,,,,,,,,,,,,,,,,,,,,,,,,,,,,,,,,,13,27,3056,6320,40,235.0769231,234.0740741,234.4
T2-A4-b1,2-ab,2-A4-ab,2,A4,a,b,ab,1,,,7,0,4,3,7,13,3,4,0,0,0,0,0,0,0,0,0,0,0,0,,,,,,,,,,,,,,,,,,,,,,,,,,,,,,,,,,,,,,,21,20,4176,4128,41,198.8571429,206.4,202.5365854
T2-A4-b2,2-ab,2-A4-ab,2,A4,a,b,ab,2,,,1,0,4,3,13,14,0,1,0,2,1,2,0,1,1,0,0,0,0,0,,,,,,,,,,,,,,,,,,,,,,,,,,,,,,,,,,,,,,,20,23,4132,4832,43,206.6,210.0869565,208.4651163
T2-A4-b3,2-ab,2-A4-ab,2,A4,a,b,ab,3,,,1,1,6,6,5,15,3,2,2,0,2,2,0,0,0,0,0,0,0,0,,,,,,,,,,,,,,,,,,,,,,,,,,,,,,,,,,,,,,,19,26,3912,5348,45,205.8947368,205.6923077,205.7777778
T2-A5-a1,2-aa,2-A5-aa,2,A5,a,a,aa,1,,,,,,,2,0,1,0,2,0,6,7,3,4,2,1,4,2,1,0,0,1,0,2,,,,,,,,,,,,,,,,,,,,,,,,,,,,,,,,,,,21,17,4924,4144,38,234.4761905,243.7647059,238.6315789
T2-A5-a2,2-aa,2-A5-aa,2,A5,a,a,aa,2,,,,,,,3,2,2,5,6,2,6,4,2,1,3,1,2,4,0,1,,,2,0,,,,,,,,,,,,,,,,,,,,,,,,,,,,,,,,,,,26,20,6000,4596,46,230.7692308,229.8,230.3478261
T2-A5-a3,2-aa,2-A5-aa,2,A5,a,a,aa,3,,,,,,,4,1,6,2,1,1,9,3,1,2,0,2,5,9,0,0,0,1,1,0,,,,,,,,,,,,,,,,,,,,,,,,,,,,,,,,,,,27,21,6204,5064,48,229.7777778,241.1428571,234.75
T2-A5-b1,2-ab,2-A5-ab,2,A5,a,b,ab,1,,,,,,,19,10,6,11,1,0,1,2,0,0,1,0,0,0,0,0,,,,,0,1,,,,,,,,,,,,,,,,,,,,,,,,,,,,,,,,,28,24,5912,5160,52,211.1428571,215,212.9230769
T2-A5-b2,2-ab,2-A5-ab,2,A5,a,b,ab,2,,,,,,,9,1,3,10,3,3,7,3,2,2,0,0,0,1,0,0,,,,,,,,,,,,,,,,,,,,,,,,,,,,,,,,,,,,,,,24,20,5252,4400,44,218.8333333,220,219.3636364
T2-A5-b3,2-ab,2-A5-ab,2,A5,a,b,ab,3,,,,,4,0,6,5,0,2,0,0,0,1,0,0,0,0,0,0,0,0,,,,,,,,,,,,,,,,,,,,,,,,,,,,,,,,,,,,,,,10,8,2016,1696,18,201.6,212,206.2222222
T2-A6-a1,2-aa,2-A6-aa,2,A6,a,a,aa,1,,,,,,,0,0,2,0,3,1,8,8,2,1,2,4,0,4,1,0,,,0,1,2,0,,,,,,,,,,,,,,,,,,,,,,,,,,,,,,,,,20,19,4708,4572,39,235.4,240.6315789,237.9487179
T2-A6-a2,2-aa,2-A6-aa,2,A6,a,a,aa,2,,,,,,,0,0,1,1,0,0,12,9,2,3,3,3,2,10,1,0,0,1,,,1,0,,,,,,,,,,,,,,,,,,,,,,,,,,,,,,,,,22,27,5244,6552,49,238.3636364,242.6666667,240.7346939
T2-A6-a3,2-aa,2-A6-aa,2,A6,a,a,aa,3,,,,,,,0,1,0,1,1,4,10,7,3,5,2,6,3,3,0,0,,,2,0,,,,,,,,,,,,,,,,,,,,,,,,,,,,,,,,,,,21,27,5052,6296,48,240.5714286,233.1851852,236.4166667
T2-A6-b1,2-ab,2-A6-ab,2,A6,a,b,ab,1,,,,,1,0,13,21,1,3,0,3,1,5,0,0,1,0,0,0,0,0,,,,,,,,,,,,,,,,,,,,,,,,,,,,,,,,,,,,,,,17,32,3580,6812,49,210.5882353,212.875,212.0816327
T2-A6-b2,2-ab,2-A6-ab,2,A6,a,b,ab,2,,,,,,,8,12,6,3,3,3,8,10,1,1,1,0,0,0,0,0,0,1,,,,,,,,,,,,,,,,,,,,,,,,,,,,,,,,,,,,,27,30,5916,6600,57,219.1111111,220,219.5789474
T2-A6-b3,2-ab,2-A6-ab,2,A6,a,b,ab,3,,,,,2,2,15,15,3,2,0,0,3,0,0,1,0,2,0,0,0,1,,,,,,,,,,,,,,,,,,,,,,,,,,,,,,,,,,,,,,,23,23,4836,4904,46,210.2608696,213.2173913,211.7391304
T2-B1-a1,2-ba,2-B1-ba,2,B1,b,a,ba,1,,,,,,,4,0,2,6,2,2,6,5,6,5,4,8,4,1,1,1,1,2,0,1,1,0,,,,,0,1,,,,,,,,,,,,,,,,,,,,,,,,,,,31,31,7288,7596,62,235.0967742,245.0322581,240.0645161
T2-B1-a2,2-ba,2-B1-ba,2,B1,b,a,ba,2,,,,,,,5,1,2,2,2,3,10,5,2,2,3,4,2,2,0,2,,,,,,,,,,,,,,,,,,,,,,,,,,,,,,,,,,,,,,,26,21,5920,4904,47,227.6923077,233.5238095,230.2978723
T2-B1-a3,2-ba,2-B1-ba,2,B1,b,a,ba,3,,,,,,,3,1,2,0,4,3,5,7,3,3,2,3,2,4,0,0,0,2,0,2,,,,,,,,,,,,,,,,,,,,,,,,,,,,,,,,,,,21,25,4772,6020,46,227.2380952,240.8,234.6086957
T2-B1-b1,2-bb,2-B1-bb,2,B1,b,b,bb,1,,,2,0,,,0,5,6,4,6,1,3,7,0,1,1,0,0,0,0,1,,,,,,,,,0,1,,,,,,,,,,,,,,,,,,,,,,,,,,,,,18,20,3880,4528,38,215.5555556,226.4,221.2631579
T2-B1-b2,2-bb,2-B1-bb,2,B1,b,b,bb,2,,,,,1,0,11,4,2,6,1,2,7,6,3,2,1,1,0,0,0,0,,,,,,,,,,,,,,,,,,,,,,,,,,,,,,,,,,,,,,,26,21,5692,4640,47,218.9230769,220.952381,219.8297872
T2-B1-b3,2-bb,2-B1-bb,2,B1,b,b,bb,3,,,,,,,13,9,0,3,0,4,4,5,1,0,1,1,0,0,0,0,,,,,1,0,,,,,,,,,,,,,,,,,,,,,,,,,,,,,,,,,20,22,4392,4772,42,219.6,216.9090909,218.1904762
T2-B2-a1,2-ba,2-B2-ba,2,B2,b,a,ba,1,,,,,,,3,0,3,1,2,0,3,11,5,2,2,4,4,3,1,0,0,1,,,,,,,,,,,,,,,,,,,,,,,,,,,,,,,,,,,,,23,22,5332,5228,45,231.826087,237.6363636,234.6666667
T2-B2-a2,2-ba,2-B2-ba,2,B2,b,a,ba,2,,,,,,,1,1,0,1,1,1,8,11,1,1,3,6,3,4,0,0,2,3,,,0,0,0,1,,,,,,,,,,,,,,,,,,,,,,,,,,,,,,,19,29,4532,6968,48,238.5263158,240.2758621,239.5833333
T2-B2-a3,2-ba,2-B2-ba,2,B2,b,a,ba,3,,,,,,,1,0,4,1,3,2,5,3,5,4,3,2,1,10,0,0,1,0,,,,,,,,,1,1,,,,,,,,,,,,,,,,,,,,,,,,,,,23,22,5592,5632,45,243.1304348,256,249.4222222
T2-B2-b1,2-bb,2-B2-bb,2,B2,b,b,bb,1,,,,,,,10,8,4,6,2,3,6,5,3,2,0,4,0,0,0,0,,,,,,,,,,,,,,,,,,,,,,,,,,,,,,,,,,,,,,,25,28,5460,6176,53,218.4,220.5714286,219.5471698
T2-B2-b2,2-bb,2-B2-bb,2,B2,b,b,bb,2,,,,,0,1,8,3,6,4,3,5,4,11,1,1,0,2,0,1,0,0,,,,,,,,,,,,,,,,,,,,,,,,,,,,,,,,,,,,,,,22,28,4748,6268,50,215.8181818,223.8571429,220.32
T2-B2-b3,2-bb,2-B2-bb,2,B2,b,b,bb,3,,,,,0,1,5,0,4,8,5,5,8,8,6,1,3,4,2,3,0,0,,,,,,,,,,,,,,,,,,,,,,,,,,,,,,,,,,,,,,,33,30,7472,6788,63,226.4242424,226.2666667,226.3492063
T2-B3-a1,2-ba,2-B3-ba,2,B3,b,a,ba,1,,,,,,,0,0,1,2,1,0,5,4,2,2,3,8,2,6,2,0,,,2,1,1,1,,,,,0,1,,,,,,,,,,,,,,,,,,,,,,,,,,,19,24,4656,6152,43,245.0526316,256.3333333,251.3488372
T2-B3-a2,2-ba,2-B3-ba,2,B3,b,a,ba,2,,,,,,,0,0,1,1,0,3,3,4,1,5,0,3,5,5,0,2,,,2,2,,,,,,,,,,,,,,,,,,,,,,,,,,,,,,,,,,,12,25,2984,6048,37,248.6666667,241.92,244.1081081
T2-B3-a3,2-ba,2-B3-ba,2,B3,b,a,ba,3,,,,,,,0,0,1,3,1,2,4,9,3,1,1,2,6,5,1,0,0,1,1,2,0,1,1,0,,,1,0,,,,,,,,,,,,,,,,,,,,,,,,,,,19,26,4976,6260,45,261.8947368,240.7692308,249.6888889
T2-B3-b1,2-bb,2-B3-bb,2,B3,b,b,bb,1,,,3,0,,,14,8,2,5,2,3,0,2,0,0,0,0,1,0,0,0,,,,,,,,,,,,,,,,,,,,,,,,,,,,,,,,,,,,,,,22,18,4588,3836,40,208.5454545,213.1111111,210.6
T2-B3-b2,2-bb,2-B3-bb,2,B3,b,b,bb,2,,,,,,,13,6,8,8,0,6,5,4,1,1,1,0,0,0,0,0,,,,,,,,,,,,,,,,,,,,,,,,,,,,,,,,,,,,,,,28,25,6036,5404,53,215.5714286,216.16,215.8490566
T2-B3-b3,2-bb,2-B3-bb,2,B3,b,b,bb,3,,,,,,,12,8,7,9,4,2,1,4,0,1,0,0,0,1,0,0,,,,,,,,,,,,,,,,,,,,,,,,,,,,,,,,,,,,,,,24,25,5076,5424,49,211.5,216.96,214.2857143
T2-B4-a1,2-ba,2-B4-ba,2,B4,b,a,ba,1,,,,,,,0,1,2,0,0,2,3,7,2,6,2,5,8,6,2,2,1,0,,,1,0,,,,,,,,,,,,,,,,,,,,,,,,,,,,,,,,,21,29,5188,6936,50,247.047619,239.1724138,242.48
T2-B4-a2,2-ba,2-B4-ba,2,B4,b,a,ba,2,,,,,,,1,1,0,1,1,0,10,6,5,9,6,3,8,13,0,2,1,4,1,1,2,0,,,,,2,0,,,,,,,,,,,,,,,,,,,,,,,,,,,35,40,9140,9840,75,261.1428571,246,253.0666667
T2-B4-a3,2-ba,2-B4-ba,2,B4,b,a,ba,3,,,,,,,0,0,0,2,0,0,16,5,5,1,3,2,11,11,0,1,3,3,3,2,3,1,,,,,,,,,,,,,,,,,,,,,,,,,,,,,,,,,44,28,10912,7012,72,248,250.4285714,248.9444444
T2-B4-b1,2-bb,2-B4-bb,2,B4,b,b,bb,1,,,,,0,2,8,9,3,9,2,4,1,5,0,0,0,0,0,0,0,0,,,,,,,,,,,,,,,,,,,,,,,,,,,,,,,,,,,,,,,14,29,2964,6188,43,211.7142857,213.3793103,212.8372093
T2-B4-b2,2-bb,2-B4-bb,2,B4,b,b,bb,2,,,,,,,12,13,5,6,1,1,2,5,0,1,0,0,0,0,0,0,,,,,,,,,,,,,,,,,,,,,,,,,,,,,,,,,,,,,,,20,26,4236,5588,46,211.8,214.9230769,213.5652174
T2-B4-b3,2-bb,2-B4-bb,2,B4,b,b,bb,3,,,,,0,1,1,0,7,2,7,4,11,9,1,5,1,3,3,4,0,0,,,0,1,,,,,,,,,,,,,,,,,,,,,,,,,,,,,,,,,,,31,29,7000,6772,60,225.8064516,233.5172414,229.5333333
T2-B5-a1,2-ba,2-B5-ba,2,B5,b,a,ba,1,,,,,,,0,0,2,1,1,3,14,5,3,4,3,5,4,1,2,1,3,0,2,3,0,3,,,1,1,,,,,,,,,,,,,,,,,,,,,,,,,,,,,35,27,8516,6676,62,243.3142857,247.2592593,245.0322581
T2-B5-a2,2-ba,2-B5-ba,2,B5,b,a,ba,2,,,,,,,2,1,0,2,3,6,7,6,2,2,1,3,3,3,1,0,,,1,1,0,0,,,,,,,,,,,,,,,,,,,,,,,,,,,,,,,,,20,24,4708,5560,44,235.4,231.6666667,233.3636364
T2-B5-a3,2-ba,2-B5-ba,2,B5,b,a,ba,3,,,,,,,0,0,0,2,2,0,4,9,6,7,5,3,6,13,2,2,3,6,3,3,4,1,,,5,1,0,1,,,,,,,,,,,,,,,,,,,,,,,,,,,40,47,10320,12052,87,258,256.4255319,257.1494253
T2-B5-b1,2-bb,2-B5-bb,2,B5,b,b,bb,1,,,,,,,10,7,7,11,3,7,3,1,1,1,1,1,1,1,0,0,,,,,,,,,,,,,,,,,,,,,,,,,,,,,,,,,,,,,,,26,29,5640,6264,55,216.9230769,216,216.4363636
T2-B5-b2,2-bb,2-B5-bb,2,B5,b,b,bb,2,1,1,,,,,10,9,6,8,1,6,1,5,0,0,0,0,0,1,0,0,,,,,,,,,,,,,,,,,,,,,,,,,,,,,,,,,,,,,,,19,30,3984,6464,49,209.6842105,215.4666667,213.2244898
T2-B5-b3,2-bb,2-B5-bb,2,B5,b,b,bb,3,,,,,,,15,8,7,4,5,1,2,4,1,2,0,0,0,0,0,0,,,,,,,,,,,,,,,,,,,,,,,,,,,,,,,,,,,,,,,30,19,6384,4128,49,212.8,217.2631579,214.5306122
T2-B6-a1,2-ba,2-B6-ba,2,B6,b,a,ba,1,,,,,,,4,0,3,5,1,3,1,6,2,3,0,2,1,1,0,0,,,,,,,,,,,,,,,,,,,,,,,,,,,,,,,,,,,,,,,12,20,2644,4544,32,220.3333333,227.2,224.625
T2-B6-a2,2-ba,2-B6-ba,2,B6,b,a,ba,2,,,,,,,4,1,1,4,5,1,6,10,3,2,1,2,2,2,0,0,2,1,,,,,,,,,,,,,,,,,,,,,,,,,,,,,,,,,,,,,24,23,5504,5320,47,229.3333333,231.3043478,230.2978723
T2-B6-a3,2-ba,2-B6-ba,2,B6,b,a,ba,3,,,,,1,1,1,1,2,2,1,4,7,5,1,2,1,1,3,0,0,0,,,,,,,,,,,,,,,,,,,,,,,,,,,,,,,,,,,,,,,17,16,3908,3560,33,229.8823529,222.5,226.3030303
T2-B6-b1,2-bb,2-B6-bb,2,B6,b,b,bb,1,,,,,2,0,13,17,6,2,4,0,2,6,0,1,0,0,0,0,0,0,,,,,,,,,,,,,,,,,,,,,,,,,,,,,,,,,,,,,,,27,26,5688,5588,53,210.6666667,214.9230769,212.754717
T2-B6-b2,2-bb,2-B6-bb,2,B6,b,b,bb,2,,,,,0,1,18,8,5,2,2,3,5,3,2,2,1,0,0,0,0,0,,,,,,,,,,,,,,,,,,,,,,,,,,,,,,,,,,,,,,,33,19,7108,4096,52,215.3939394,215.5789474,215.4615385
T2-B6-b3,2-bb,2-B6-bb,2,B6,b,b,bb,3,,,,,1,1,13,16,3,3,1,2,3,6,0,0,0,0,0,0,0,0,,,,,,,,,,,,,,,,,,,,,,,,,,,,,,,,,,,,,,,21,28,4444,5980,49,211.6190476,213.5714286,212.7346939
T3-A1-1,3-aa,3-A1-aa,3,A1,a,a,aa,1,,,,,,,,,,,2,3,8,17,3,4,4,1,5,3,0,1,,,,,,,,,,,,,,,,,,,,,,,,,,,,,,,,,,,,,,,22,29,5236,6804,51,238,234.6206897,236.0784314
T3-A1-2,3-aa,3-A1-aa,3,A1,a,a,aa,2,,,,,,,,,1,1,0,2,10,11,7,3,1,2,2,3,1,1,,,1,1,,,,,,,,,,,,,,,,,,,,,,,,,,,,,,,,,,,23,24,5476,5692,47,238.0869565,237.1666667,237.6170213
T3-A1-3,3-aa,3-A1-aa,3,A1,a,a,aa,3,,,,,,,1,0,1,0,1,2,11,3,3,3,2,1,0,2,0,1,,,1,1,,,,,,,,,,,,,,,,,,,,,,,,,,,,,,,,,,,20,13,4656,3128,33,232.8,240.6153846,235.8787879
T3-A2-1,3-aa,3-A2-aa,3,A2,a,a,aa,1,,,,,,,,,3,3,1,0,9,8,3,2,0,1,3,3,,,,,,,,,,,,,1,,,,,,,,,,,,,,,,,,,,,,,,,,,,19,17,4724,3972,36,248.6315789,233.6470588,241.5555556
T3-A2-2,3-aa,3-A2-aa,3,A2,a,a,aa,2,,,,,,,1,1,2,0,1,1,8,6,4,5,1,4,3,5,,,,,,,,,,,,,1,2,,,,,,,,,,,,,,,,,,,,,,,,,,,20,22,4964,5852,42,248.2,266,257.5238095
T3-A2-3,3-aa,3-A2-aa,3,A2,a,a,aa,3,,,,,,,,,2,1,2,2,11,7,3,2,0,3,1,5,,,1,3,,,,,,,,,,,,,,,,,,,,,,,,,,,,,,,,,,,,,20,23,4636,5532,43,231.8,240.5217391,236.4651163
T3-A3-1,3-aa,3-A3-aa,3,A3,a,a,aa,1,,,,,,,,,0,1,1,3,12,7,10,6,2,5,5,5,1,0,,,,,,,,,,,,1,,,,,,,,,,,,,,,,,,,,,,,,,,,31,27,7380,6688,58,238.0645161,247.7037037,242.5517241
T3-A3-2,3-aa,3-A3-aa,3,A3,a,a,aa,2,,,,,,,,,4,0,1,0,8,5,0,4,1,3,0,3,,,0,1,,,,,,,,,,,,,,,,,,,,,,,,,,,,,,,,,,,,,14,16,3160,3856,30,225.7142857,241,233.8666667
T3-A3-3,3-aa,3-A3-aa,3,A3,a,a,aa,3,,,,,,,,,1,0,,,9,12,5,6,0,3,5,4,,,1,1,,,0,1,,,,,,,,,,,,,,,,,,,,,,,,,,,,,,,,,21,27,5024,6492,48,239.2380952,240.4444444,239.9166667
T3-A4-1,3-aa,3-A4-aa,3,A4,a,a,aa,1,,,,,,,0,1,1,1,2,2,15,6,1,3,3,3,4,5,,,,,,,,,,,,,1,,,,,,,,,,,,,,,,,,,,,,,,,,,,26,21,6412,4952,47,246.6153846,235.8095238,241.787234
T3-A4-2,3-aa,3-A4-aa,3,A4,a,a,aa,2,,,,,,,,,,,0,3,9,6,4,8,1,3,3,9,2,1,0,2,1,0,,,2,0,,,,,,,,,,,,,,,,,,,,,,,,,,,,,,,22,32,5416,7740,54,246.1818182,241.875,243.6296296
T3-A4-3,3-aa,3-A4-aa,3,A4,a,a,aa,3,,,,,,,1,0,,,1,0,8,6,4,4,1,1,5,3,,,,,,,,,,,,,,,,,,,,,,,,,,,,,,,,,,,,,,,,,20,14,4744,3344,34,237.2,238.8571429,237.8823529
T3-A5-1,3-aa,3-A5-aa,3,A5,a,a,aa,1,,,,,,,,,1,1,,,15,4,2,9,1,1,5,7,,,0,1,1,3,1,1,,,,,,,,,,,,,,,,,,,,,,,,,,,,,,,,,26,27,6248,6684,53,240.3076923,247.5555556,244
T3-A5-2,3-aa,3-A5-aa,3,A5,a,a,aa,2,,,,,,,,,0,1,,,9,7,2,5,1,5,7,3,,,0,1,1,0,,,,,,,,,,,,,,,,,,,,,,,,,,,,,,,,,,,20,22,4872,5248,42,243.6,238.5454545,240.952381
T3-A5-3,3-aa,3-A5-aa,3,A5,a,a,aa,3,,,,,,,,,1,1,,,13,5,5,7,3,2,5,4,0,1,,,,,1,1,,,,,,,,,,,,,,,,,,,,,,,,,,,,,,,,,28,21,6692,5072,49,239,241.5238095,240.0816327
T3-A6-1,3-aa,3-A6-aa,3,A6,a,a,aa,1,,,,,,,,,,,1,0,17,9,3,8,3,2,7,5,0,1,0,1,1,0,,,,,,,,,,,,,,,,,,,,,,,,,,,,,,,,,,,32,26,7660,6260,58,239.375,240.7692308,240
T3-A6-2,3-aa,3-A6-aa,3,A6,a,a,aa,2,,,,,,,3,0,0,5,0,1,6,9,1,4,1,3,3,1,,,1,0,1,0,,,,,,,,,,,,,,,,,,,,,,,,,,,,,,,,,,,16,23,3804,5284,39,237.75,229.7391304,233.025641
T3-A6-3,3-aa,3-A6-aa,3,A6,a,a,aa,3,,,,,,,,,1,0,,,7,11,4,6,1,0,3,5,1,1,,,1,1,,,,,,,,,,,,,,,,,,,,,,,,,,,,,,,,,,,18,24,4328,5788,42,240.4444444,241.1666667,240.8571429
T3-B1-1,3-bb,3-B1-bb,3,B1,b,b,bb,1,,,,,,,12,2,10,19,1,7,4,5,0,1,0,0,,,,,,,,,,,,,,,,,,,,,,,,,,,,,,,,,,,,,,,,,,,27,34,5760,7352,61,213.3333333,216.2352941,214.9508197
T3-B1-2,3-bb,3-B1-bb,3,B1,b,b,bb,2,,,,,,,17,7,8,15,0,1,2,1,0,0,0,0,,,,,,,,,,,,,,,,,,,,,,,,,,,,,,,,,,,,,,,,,,,27,24,5696,5084,51,210.962963,211.8333333,211.372549
T3-B1-3,3-bb,3-B1-bb,3,B1,b,b,bb,3,,,,,,,13,8,7,13,0,1,1,4,0,0,0,0,,,,,,,,,,,,,,,,,,,,,,,,,,,,,,,,,,,,,,,,,,,21,26,4420,5564,47,210.4761905,214,212.4255319
T3-B2-1,3-bb,3-B2-bb,3,B2,b,b,bb,1,,,,,,,10,4,10,6,3,5,5,1,0,0,0,1,,,,,,,,,,,,,,,,,,,,,,,,,,,,,,,,,,,,,,,,,,,28,17,6008,3656,45,214.5714286,215.0588235,214.7555556
T3-B2-2,3-bb,3-B2-bb,3,B2,b,b,bb,2,,,,,,,14,6,5,15,2,4,5,10,1,3,0,1,,,,,,,,,,,1,0,,,,,,,,,,,,,,,,,,,,,,,,,,,,,,,28,39,6088,8560,67,217.4285714,219.4871795,218.6268657
T3-B2-3,3-bb,3-B2-bb,3,B2,b,b,bb,3,,,,,,,10,4,9,13,3,2,9,10,3,2,0,0,,,,,,,,,,,,,,,,,,,,,,,,,,,,,,,,,,,,,,,,,,,34,31,7432,6812,65,218.5882353,219.7419355,219.1384615
T3-B3-1,3-bb,3-B3-bb,3,B3,b,b,bb,1,,,,,,,5,0,11,9,2,12,9,11,1,3,1,1,1,2,,,,,,,,,,,,,,,,,,,,,,,,,,,,,,,,,,,,,,,,,30,38,6624,8512,68,220.8,224,222.5882353
T3-B3-2,3-bb,3-B3-bb,3,B3,b,b,bb,2,,,,,,,18,4,2,13,3,2,8,2,0,0,0,0,,,,,,,,,,,,,,,,,,,,,,,,,,,,,,,,,,,,,,,,,,,31,21,6672,4484,52,215.2258065,213.5238095,214.5384615
T3-B3-3,3-bb,3-B3-bb,3,B3,b,b,bb,3,,,,,,,10,2,7,11,2,9,4,18,6,5,0,0,0,1,,,,,,,,,,,,,,,,,,,,,,,,,,,,,,,,,,,,,,,,,29,46,6340,10304,75,218.6206897,224,221.92
T3-B4-1,3-bb,3-B4-bb,3,B4,b,b,bb,1,,,,,,,6,3,12,12,5,5,6,12,0,1,0,0,,,,,,,,,,,,,,,,1,,,,,,,,,,,,,,,,,,,,,,,,,,,29,33,6264,7576,62,216,229.5757576,223.2258065
T3-B4-2,3-bb,3-B4-bb,3,B4,b,b,bb,2,,,,,,,16,4,2,9,1,4,2,1,0,0,0,0,,,,,,,,,,,,,,,,,,,,,,,,,,,,,,,,,,,,,,,,,,,21,18,4432,3836,39,211.047619,213.1111111,212
T3-B4-3,3-bb,3-B4-bb,3,B4,b,b,bb,3,,,,,,,7,3,12,16,5,3,4,4,0,0,0,0,,,,,,,,,,,,,,,,,,,,,,,,,,,,,,,,,,,,,,,,,,,28,26,6008,5592,54,214.5714286,215.0769231,214.8148148
T3-B5-1,3-bb,3-B5-bb,3,B5,b,b,bb,1,,,,,2,0,10,6,4,9,0,2,1,1,0,0,0,0,,,,,,,,,,,,,,,,,,,,,,,,,,,,,,,,,,,,,,,,,,,17,18,3544,3820,35,208.4705882,212.2222222,210.4
T3-B5-2,3-bb,3-B5-bb,3,B5,b,b,bb,2,,,,,,,17,5,2,10,1,3,0,2,0,0,0,0,,,,,,,,,,,,,,,,,,,,,,,,,,,,,,,,,,,,,,,,,,,20,20,4176,4272,40,208.8,213.6,211.2
T3-B5-3,3-bb,3-B5-bb,3,B5,b,b,bb,3,,,,,,,13,12,3,5,1,0,3,1,0,0,0,0,,,,,,,,,,,,,,,,,,,,,,,,,,,,,,,,,,,,,,,,,,,20,18,4252,3788,38,212.6,210.4444444,211.5789474
T3-B6-1,3-bb,3-B6-bb,3,B6,b,b,bb,1,,,,,,,10,5,8,12,4,7,5,13,1,2,0,1,,,,,,,,,,,,,,,,,,,,,,,,,,,,,,,,,,,,,,,,,,,28,40,6036,8824,68,215.5714286,220.6,218.5294118
T3-B6-2,3-bb,3-B6-bb,3,B6,b,b,bb,2,,,,,1,0,14,5,8,9,4,7,5,8,1,1,0,2,,,,,0,1,,,,,,,,,,,,,,,,,,,,,,,,,,,,,,,,,,,,,33,33,7060,7296,66,213.9393939,221.0909091,217.5151515
T3-B6-3,3-bb,3-B6-bb,3,B6,b,b,bb,3,,,,,,,16,3,6,18,0,4,2,3,0,0,0,0,,,,,,,,,,,,,,,,,,,,,,,,,,,,,,,,,,,,,,,,,,,24,28,5064,6000,52,211,214.2857143,212.7692308
T4-A1-a1,4-aa,4-A1-aa,4,A1,a,a,aa,1,,,,,,,3,0,4,2,3,5,7,8,0,6,1,1,,,,,,,,,,,,,,,,,,,,,,,,,,,,,,,,,,,,,,,,,,,18,22,3984,5016,40,221.3333333,228,225
T4-A1-a2,4-aa,4-A1-aa,4,A1,a,a,aa,2,,,,,,,1,0,2,1,4,4,10,19,3,1,2,1,2,9,,,,,,,,,,,,,,,,,,,,,,,,,,,,,,,,,,,,,,,,,24,35,5516,8264,59,229.8333333,236.1142857,233.559322
T4-A1-a3,4-aa,4-A1-aa,4,A1,a,a,aa,3,,,,,,,1,1,2,0,7,6,10,18,2,2,1,1,1,2,,,1,1,,,,,,,,,,,,,,,,,,,,,,,,,,,,,,,,,,,,,25,31,5696,7168,56,227.84,231.2258065,229.7142857
T4-A1-b1,4-ab,4-A1-ab,4,A1,a,b,ab,1,,,,,,,5,5,3,4,2,4,19,13,2,1,2,2,,,,,,,,,,,,,,,,,,,,,,,,,,,,,,,,,,,,,,,,,,,33,29,7468,6484,62,226.3030303,223.5862069,225.0322581
T4-A1-b2,4-ab,4-A1-ab,4,A1,a,b,ab,2,,,,,,,3,3,3,3,6,5,14,19,1,5,0,0,,,,,,,,,,,,,,,,,,,,,,,,,,,,,,,,,,,,,,,,,,,27,35,6040,7928,62,223.7037037,226.5142857,225.2903226
T4-A1-b3,4-ab,4-A1-ab,4,A1,a,b,ab,3,,,,,,,9,2,4,1,9,3,9,17,0,1,0,1,,,,,,,,,,,,,,,,,,,,,,,,,,,,,,,,,,,,,,,,,,,31,25,6752,5696,56,217.8064516,227.84,222.2857143
T4-A2-a1,4-aa,4-A2-aa,4,A2,a,a,aa,1,,,,,,,5,2,2,1,5,6,9,12,1,5,0,1,2,2,,,0,2,,,,,,,,,,,,,,,,,,,,,,,,,,,,,,,,,,,,,24,31,5380,7168,55,224.1666667,231.2258065,228.1454545
T4-A2-a2,4-aa,4-A2-aa,4,A2,a,a,aa,2,,,,,,,4,1,2,1,5,1,4,18,0,2,1,0,1,4,,,,,,,,,,,,,,,,,,,,,,,,,,,,,,,,,,,,,,,,,17,27,3760,6308,44,221.1764706,233.6296296,228.8181818
T4-A2-a3,4-aa,4-A2-aa,4,A2,a,a,aa,3,,,,,,,2,0,3,1,7,1,9,12,1,1,3,2,3,3,0,1,,,,,,,0,1,,,,,,,,,,,,,,,,,,,,,,,,,,,,,,,28,22,6376,5244,50,227.7142857,238.3636364,232.4
T4-A2-b1,4-ab,4-A2-ab,4,A2,a,b,ab,1,,,,,,,13,11,1,4,7,1,4,7,0,1,0,0,,,,,,,,,,,,,,,,,,,,,,,,,,,,,,,,,,,,,,,,,,,25,24,5356,5212,49,214.24,217.1666667,215.6734694
T4-A2-b2,4-ab,4-A2-ab,4,A2,a,b,ab,2,,,,,,,8,7,3,3,6,4,5,8,0,0,0,0,,,,,,,,,,,,,,,,,,,,,,,,,,,,,,,,,,,,,,,,,,,22,22,4756,4812,44,216.1818182,218.7272727,217.4545455
T4-A2-b3,4-ab,4-A2-ab,4,A2,a,b,ab,3,,,,,,,12,8,1,4,2,6,10,6,2,0,0,1,0,1,,,,,,,,,,,,,,,,,,,,,,,,,,,,,,,,,,,,,,,,,27,26,5932,5696,53,219.7037037,219.0769231,219.3962264
T4-A3-a1,4-aa,4-A3-aa,4,A3,a,a,aa,1,,,,,,,0,0,1,2,4,1,10,11,3,2,4,2,7,10,0,1,,,,,,,4,3,,,,,,,,,,,,,,,,,,,,,,,,,,,,,,,33,32,8008,7828,65,242.6666667,244.625,243.6307692
T4-A3-a2,4-aa,4-A3-aa,4,A3,a,a,aa,2,,,,,,,1,0,1,0,3,2,7,16,2,1,1,2,1,1,1,1,,,,,,,0,2,,,,,,,,,,,,,,,,,,,,,,,,,,,,,,,17,25,3920,5952,42,230.5882353,238.08,235.047619
T4-A3-a3,4-aa,4-A3-aa,4,A3,a,a,aa,3,,,,,,,0,0,2,1,5,3,13,15,4,2,2,2,2,12,0,1,,,,,,,,,,,,,,,,,,,,,,,,,,,,,,,,,,,,,,,28,36,6456,8624,64,230.5714286,239.5555556,235.625
T4-A3-b1,4-ab,4-A3-ab,4,A3,a,b,ab,1,,,,,,,9,5,10,8,7,9,5,3,0,1,0,1,,,,,,,,,,,,,,,,,,,,,,,,,,,,,,,,,,,,,,,,,,,31,27,6664,5852,58,214.9677419,216.7407407,215.7931034
T4-A3-b2,4-ab,4-A3-ab,4,A3,a,b,ab,2,,,,,,,9,5,10,10,4,12,9,7,2,4,1,2,4,1,,,,,,,,,,,,,,,,,,,,,,,,,,,,,,,,,,,,,,,,,39,41,8680,9056,80,222.5641026,220.8780488,221.7
T4-A3-b3,4-ab,4-A3-ab,4,A3,a,b,ab,3,,,,,,,9,12,8,11,6,9,2,5,0,1,0,1,,,,,1,0,,,,,,,,,,,,,,,,,,,,,,,,,,,,,,,,,,,,,26,39,5592,8408,65,215.0769231,215.5897436,215.3846154
T4-A4-a1,4-aa,4-A4-aa,4,A4,a,a,aa,1,,,,,,,7,3,2,0,7,1,8,15,1,3,1,5,2,1,,,0,1,,,,,,,,,,,,,,,,,,,,,,,,,,,,,,,,,,,,,28,29,6236,6748,57,222.7142857,232.6896552,227.7894737
T4-A4-a2,4-aa,4-A4-aa,4,A4,a,a,aa,2,,,,,,,0,0,2,0,6,5,15,18,3,2,0,2,0,5,,,,,,,,,,,,,,,,,,,,,,,,,,,,,,,,,,,,,,,,,26,32,5908,7488,58,227.2307692,234,230.9655172
T4-A4-a3,4-aa,4-A4-aa,4,A4,a,a,aa,3,,,,,,,2,0,5,2,4,5,13,9,5,5,1,0,4,3,,,0,1,,,,,2,1,,,,,,,,,,,,,,,,,,,,,,,,,,,,,,,36,26,8376,6092,62,232.6666667,234.3076923,233.3548387
T4-A4-b1,4-ab,4-A4-ab,4,A4,a,b,ab,1,,,,,,,10,8,1,3,5,9,7,11,0,1,0,0,,,,,,,,,,,,,,,,,,,,,,,,,,,,,,,,,,,,,,,,,,,23,32,4996,7032,55,217.2173913,219.75,218.6909091
T4-A4-b2,4-ab,4-A4-ab,4,A4,a,b,ab,2,,,,,,,15,1,2,5,3,5,8,8,0,1,0,0,0,1,,,,,,,,,,,,,,,,,,,,,,,,,,,,,,,,,,,,,,,,,28,21,6048,4696,49,216,223.6190476,219.2653061
T4-A4-b3,4-ab,4-A4-ab,4,A4,a,b,ab,3,,,,,,,10,8,3,5,3,4,13,8,3,2,0,0,1,0,,,,,,,,,,,,,,,,,,,,,,,,,,,,,,,,,,,,,,,,,33,27,7344,5916,60,222.5454545,219.1111111,221
T4-A5-a1,4-aa,4-A5-aa,4,A5,a,a,aa,1,,,,,,,2,1,5,2,2,3,8,7,4,3,2,1,7,0,1,1,1,0,,,,,1,1,,,,,,,,,,,,,,,,,,,,,,,,,,,,,,,33,19,7792,4400,52,236.1212121,231.5789474,234.4615385
T4-A5-a2,4-aa,4-A5-aa,4,A5,a,a,aa,2,,,,,,,1,1,2,0,5,0,14,15,5,3,0,1,0,3,,,1,1,,,,,2,1,,,,,,,,,,,,,,,,,,,,,,,,,,,,,,,30,25,6980,5956,55,232.6666667,238.24,235.2
T4-A5-a3,4-aa,4-A5-aa,4,A5,a,a,aa,3,,,,,,,2,1,6,1,1,0,10,12,3,1,3,1,4,1,0,1,,,,,,,1,1,,,,,,,,,,,,,,,,,,,,,,,,,,,,,,,30,19,6964,4484,49,232.1333333,236,233.6326531
T4-A5-b1,4-ab,4-A5-ab,4,A5,a,b,ab,1,,,,,,,3,7,3,4,8,2,10,14,1,6,0,2,,,,,1,1,,,,,,,,,,,,,,,,,,,,,,,,,,,,,,,,,,,,,26,36,5808,8144,62,223.3846154,226.2222222,225.0322581
T4-A5-b2,4-ab,4-A5-ab,4,A5,a,b,ab,2,,,,,,,5,6,5,6,0,8,18,8,1,1,0,0,0,1,,,,,,,,,,,,,,,,,,,,,,,,,,,,,,,,,,,,,,,,,29,30,6512,6596,59,224.5517241,219.8666667,222.1694915
T4-A5-b3,4-ab,4-A5-ab,4,A5,a,b,ab,3,,,,,,,8,3,4,7,4,6,5,12,2,2,1,4,,,,,,,,,,,,,,,,,,,,,,,,,,,,,,,,,,,,,,,,,,,24,34,5248,7620,58,218.6666667,224.1176471,221.862069
T4-A6-a1,4-aa,4-A6-aa,4,A6,a,a,aa,1,,,,,,,0,0,1,0,1,1,8,11,2,3,4,5,3,11,1,1,1,1,,,,,1,1,,,,,,,,,,,,,,,,,,,,,,,,,,,,,,,22,34,5296,8304,56,240.7272727,244.2352941,242.8571429
T4-A6-a2,4-aa,4-A6-aa,4,A6,a,a,aa,2,,,,,,,0,0,2,0,1,3,7,13,5,6,1,3,0,8,0,1,1,0,,,,,4,1,,,,,,,,,,,,,,,,,,,,,,,,,,,,,,,21,35,5100,8396,56,242.8571429,239.8857143,241
T4-A6-a3,4-aa,4-A6-aa,4,A6,a,a,aa,3,,,,,,,0,0,1,0,2,2,14,11,4,1,5,5,4,6,1,0,3,1,,,,,,,,,,,,,,,,,,,,,,,,,,,,,,,,,,,,,34,26,8112,6220,60,238.5882353,239.2307692,238.8666667
T4-A6-b1,4-ab,4-A6-ab,4,A6,a,b,ab,1,,,,,2,0,17,12,0,5,1,4,1,2,0,1,0,0,,,,,,,,,,,,,,,,,,,,,,,,,,,,,,,,,,,,,,,,,,,21,24,4368,5120,45,208,213.3333333,210.8444444
T4-A6-b2,4-ab,4-A6-ab,4,A6,a,b,ab,2,,,,,,,21,5,2,3,1,11,1,2,0,0,0,0,0,1,,,,,,,,,,,,,,,,,,,,,,,,,,,,,,,,,,,,,,,,,25,22,5240,4772,47,209.6,216.9090909,213.0212766
T4-A6-b3,4-ab,4-A6-ab,4,A6,a,b,ab,3,,,,,,,11,2,8,4,8,13,8,8,2,0,1,0,,,1,0,,,,,,,1,0,,,,,,,,,,,,,,,,,,,,,,,,,,,,,,,40,27,8828,5928,67,220.7,219.5555556,220.238806
T4-B1-a1,4-ba,4-B1-ba,4,B1,b,a,ba,1,,,,,,,1,0,1,0,1,1,3,3,6,7,1,7,10,8,1,0,1,0,,,,,0,1,,,,,,,,,,,,,,,,,,,,,,,,,,,,,,,25,27,6072,6580,52,242.88,243.7037037,243.3076923
T4-B1-a2,4-ba,4-B1-ba,4,B1,b,a,ba,2,,,,,,,1,0,4,1,4,5,13,7,2,3,4,8,3,8,,,0,2,,,,,1,0,,,,,,,,,,,,,,,,,,,,,,,,,,,,,,,32,34,7424,8120,66,232,238.8235294,235.5151515
T4-B1-a3,4-ba,4-B1-ba,4,B1,b,a,ba,3,,,,,,,3,2,2,0,6,2,7,14,8,5,3,5,8,2,1,0,0,3,,,,,1,2,,,,,,,,,,,,,,,,,,,,,,,,,,,,,,,39,35,9172,8356,74,235.1794872,238.7428571,236.8648649
T4-B1-b1,4-bb,4-B1-bb,4,B1,b,b,bb,1,,,,,2,1,11,6,1,2,6,6,9,13,0,2,0,0,,,,,,,,,,,,,,,,,,,,,,,,,,,,,,,,,,,,,,,,,,,29,30,6268,6648,59,216.137931,221.6,218.9152542
T4-B1-b2,4-bb,4-B1-bb,4,B1,b,b,bb,2,,,,,,,8,10,6,1,3,8,3,9,0,0,0,0,,,,,,,,,,,,,,,,,,,,,,,,,,,,,,,,,,,,,,,,,,,20,28,4280,6108,48,214,218.1428571,216.4166667
T4-B1-b3,4-bb,4-B1-bb,4,B1,b,b,bb,3,,,,,,,13,7,0,8,3,4,4,12,2,1,0,0,0,2,,,,,,,,,0,1,,,,,,,,,,,,,,,,,,,,,,,,,,,,,,,22,35,4752,7836,57,216,223.8857143,220.8421053
T4-B2-a1,4-ba,4-B2-ba,4,B2,b,a,ba,1,,,,,,,2,1,2,1,2,1,14,5,1,3,4,2,2,1,,,1,0,,,,,,,,,,,,,,,,,,,,,,,,,,,,,,,,,,,,,28,14,6492,3240,42,231.8571429,231.4285714,231.7142857
T4-B2-a2,4-ba,4-B2-ba,4,B2,b,a,ba,2,,,,,,,1,1,2,0,4,1,10,10,3,4,3,1,2,5,,,0,1,,,,,1,1,,,,,,,,,,,,,,,,,,,,,,,,,,,,,,,26,24,6044,5760,50,232.4615385,240,236.08
T4-B2-a3,4-ba,4-B2-ba,4,B2,b,a,ba,3,,,,,,,4,0,1,2,3,5,4,8,6,2,0,1,1,1,,,0,1,,,,,,,,,,,,,,,,,,,,,,,,,,,,,,,,,,,,,19,20,4292,4592,39,225.8947368,229.6,227.7948718
T4-B2-b1,4-bb,4-B2-bb,4,B2,b,b,bb,1,,,,,,,11,4,3,3,0,12,6,7,1,0,0,0,1,0,,,,,,,,,,,,,,,,,,,,,,,,,,,,,,,,,,,,,,,,,22,26,4808,5684,48,218.5454545,218.6153846,218.5833333
T4-B2-b2,4-bb,4-B2-bb,4,B2,b,b,bb,2,,,,,1,0,7,9,8,1,5,18,3,8,2,2,2,3,2,6,,,,,,,,,0,1,,,,,,,,,,,,,,,,,,,,,,,,,,,,,,,30,48,6584,10844,78,219.4666667,225.9166667,223.4358974
T4-B2-b3,4-bb,4-B2-bb,4,B2,b,b,bb,3,,,,,,,12,8,1,9,3,4,10,4,1,3,0,0,,,,,,,,,,,0,1,,,,,,,,,,,,,,,,,,,,,,,,,,,,,,,27,29,5912,6360,56,218.962963,219.3103448,219.1428571
T4-B3-a1,4-ba,4-B3-ba,4,B3,b,a,ba,1,,,,,,,0,0,0,0,2,0,8,11,3,7,4,0,5,10,,,2,0,,,,,1,0,,,,,,,,,,,,,,,,,,,,,,,,,,,,,,,25,28,6052,6764,53,242.08,241.5714286,241.8113208
T4-B3-a2,4-ba,4-B3-ba,4,B3,b,a,ba,2,,,,,,,1,1,0,0,5,1,7,9,2,3,6,1,8,4,,,1,2,,,,,1,1,,,,,,,,,,,,,,,,,,,,,,,,,,,,,,,31,22,7424,5300,53,239.483871,240.9090909,240.0754717
T4-B3-a3,4-ba,4-B3-ba,4,B3,b,a,ba,3,,,,,,,3,0,0,0,2,1,10,7,3,2,2,3,1,3,,,,,,,,,1,2,,,,,,,,,,,,,,,,,,,,,,,,,,,,,,,22,18,5108,4376,40,232.1818182,243.1111111,237.1
T4-B3-b1,4-bb,4-B3-bb,4,B3,b,b,bb,1,,,,,3,1,11,9,6,5,4,4,4,5,0,0,0,0,,,,,,,,,,,,,,,,,,,,,,,,,,,,,,,,,,,,,,,,,,,28,24,5928,5148,52,211.7142857,214.5,213
T4-B3-b2,4-bb,4-B3-bb,4,B3,b,b,bb,2,,,,,,,9,4,4,2,5,6,9,7,1,1,0,1,0,1,,,,,,,,,,,,,,,,,,,,,,,,,,,,,,,,,,,,,,,,,28,22,6124,4908,50,218.7142857,223.0909091,220.64
T4-B3-b3,4-bb,4-B3-bb,4,B3,b,b,bb,3,,,,,,,13,7,7,6,3,5,10,7,2,3,1,0,0,1,,,,,,,,,,,,,,,,,,,,,,,,,,,,,,,,,,,,,,,,,36,29,7868,6396,65,218.5555556,220.5517241,219.4461538
T4-B4-a1,4-ba,4-B4-ba,4,B4,b,a,ba,1,,,,,,,2,0,1,0,0,0,5,8,6,4,5,2,6,6,0,1,,,,,,,0,1,,,,,,,,,,,,,,,,,,,,,,,,,,,,,,,25,22,5940,5364,47,237.6,243.8181818,240.5106383
T4-B4-a2,4-ba,4-B4-ba,4,B4,b,a,ba,2,,,,,,,1,0,1,0,0,0,11,7,2,3,2,2,2,11,,,1,3,,,,,0,2,,,,,,,,,,,,,,,,,,,,,,,,,,,,,,,20,28,4700,6996,48,235,249.8571429,243.6666667
T4-B4-a3,4-ba,4-B4-ba,4,B4,b,a,ba,3,,,,,,,1,0,0,0,1,0,9,8,4,3,5,0,2,10,,,2,1,,,,,1,1,,,,,,,,,,,,,,,,,,,,,,,,,,,,,,,25,23,5984,5676,48,239.36,246.7826087,242.9166667
T4-B4-b1,4-bb,4-B4-bb,4,B4,b,b,bb,1,,,,,,,16,4,3,2,3,4,5,7,1,0,0,0,,,,,,,,,,,,,,,,,,,,,,,,,,,,,,,,,,,,,,,,,,,28,17,6008,3744,45,214.5714286,220.2352941,216.7111111
T4-B4-b2,4-bb,4-B4-bb,4,B4,b,b,bb,2,,,,,,,5,5,5,2,4,6,10,12,1,0,0,2,,,,,,,,,,,,,,,,,,,,,,,,,,,,,,,,,,,,,,,,,,,25,27,5520,6024,52,220.8,223.1111111,222
T4-B4-b3,4-bb,4-B4-bb,4,B4,b,b,bb,3,,,,,,,16,9,5,1,5,5,2,8,0,0,0,0,0,1,,,,,,,,,1,0,,,,,,,,,,,,,,,,,,,,,,,,,,,,,,,29,24,6220,5276,53,214.4827586,219.8333333,216.9056604
T4-B5-a1,4-ba,4-B5-ba,4,B5,b,a,ba,1,,,,,,,3,1,1,0,4,2,10,11,2,1,1,2,1,0,,,,,,,,,,,,,,,,,,,,,,,,,,,,,,,,,,,,,,,,,22,17,4988,3908,39,226.7272727,229.8823529,228.1025641
T4-B5-a2,4-ba,4-B5-ba,4,B5,b,a,ba,2,,,,,,,5,1,3,1,3,3,7,2,0,3,0,0,1,2,,,,,,,,,,,,,,,,,,,,,,,,,,,,,,,,,,,,,,,,,19,12,4204,2752,31,221.2631579,229.3333333,224.3870968
T4-B5-a3,4-ba,4-B5-ba,4,B5,b,a,ba,3,,,,,,,3,1,2,3,0,3,17,10,4,4,1,5,2,4,,,0,2,,,,,1,0,,,,,,,,,,,,,,,,,,,,,,,,,,,,,,,30,32,6976,7508,62,232.5333333,234.625,233.6129032
T4-B5-b1,4-bb,4-B5-bb,4,B5,b,b,bb,1,,,,,,,23,11,3,5,3,4,5,7,2,1,0,0,,,,,,,,,,,0,1,,,,,,,,,,,,,,,,,,,,,,,,,,,,,,,36,29,7700,6360,65,213.8888889,219.3103448,216.3076923
T4-B5-b2,4-bb,4-B5-bb,4,B5,b,b,bb,2,,,,,,,16,4,2,8,1,5,9,6,0,1,0,0,,,,,,,,,,,0,1,,,,,,,,,,,,,,,,,,,,,,,,,,,,,,,28,25,6056,5524,53,216.2857143,220.96,218.490566
T4-B5-b3,4-bb,4-B5-bb,4,B5,b,b,bb,3,,,,,,,18,18,4,4,0,4,2,8,1,1,0,0,,,,,,,,,,,,,,,,,,,,,,,,,,,,,,,,,,,,,,,,,,,25,35,5292,7548,60,211.68,215.6571429,214
T4-B6-a1,4-ba,4-B6-ba,4,B6,b,a,ba,1,,,,,,,4,3,4,2,4,5,7,12,6,2,0,1,1,4,2,0,,,,,,,2,0,,,,,,,,,,,,,,,,,,,,,,,,,,,,,,,30,29,6936,6648,59,231.2,229.2413793,230.2372881
T4-B6-a2,4-ba,4-B6-ba,4,B6,b,a,ba,2,,,,,,,3,2,2,3,4,2,14,11,4,3,2,4,5,2,,,,,,,,,2,4,,,,,,,,,,,,,,,,,,,,,,,,,,,,,,,36,31,8440,7368,67,234.4444444,237.6774194,235.9402985
T4-B6-a3,4-ba,4-B6-ba,4,B6,b,a,ba,3,,,,,,,3,2,5,2,5,3,13,11,5,1,1,3,3,6,,,,,,,,,1,1,,,,,,,,,,,,,,,,,,,,,,,,,,,,,,,36,29,8256,6820,65,229.3333333,235.1724138,231.9384615
T4-B6-b1,4-bb,4-B6-bb,4,B6,b,b,bb,1,,,,,1,0,28,9,1,8,2,2,0,2,0,0,0,1,,,,,,,,,,,,,,,,,,,,,,,,,,,,,,,,,,,,,,,,,,,32,22,6660,4704,54,208.125,213.8181818,210.4444444
T4-B6-b2,4-bb,4-B6-bb,4,B6,b,b,bb,2,,,,,10,0,18,18,0,0,3,0,1,1,0,0,0,0,,,,,,,,,,,,,,,,,,,,,,,,,,,,,,,,,,,,,,,,,,,32,19,6544,3976,51,204.5,209.2631579,206.2745098
T4-B6-b3,4-bb,4-B6-bb,4,B6,b,b,bb,3,,,,,1,0,20,13,2,3,1,6,2,2,0,0,0,0,2,0,,,,,,,,,,,,,,,,,,,,,,,,,,,,,,,,,,,,,,,,,28,24,5968,5100,52,213.1428571,212.5,212.8461538
T5-A1-1,5-aa,5-A1-aa,5,A1,a,a,aa,1,,,,,0,3,1,0,0,1,2,1,9,11,5,1,1,3,3,6,2,1,0,0,0,2,,,1,,,,,,,,,,,,,,,,,,,,,,,,,,,,,,,,24,29,5724,6868,53,238.5,236.8275862,237.5849057
T5-A1-2,5-aa,5-A1-aa,5,A1,a,a,aa,2,,,,,0,0,3,2,2,1,3,1,5,6,2,6,3,3,2,3,2,1,1,0,,,,1,,,,,,,,,,,,,,,,,,,,,,,,,,,,,,,,,23,24,5344,5684,47,232.3478261,236.8333333,234.6382979
T5-A1-3,5-aa,5-A1-aa,5,A1,a,a,aa,3,,,,,0,0,1,2,0,0,1,0,8,8,6,3,3,7,3,4,3,2,1,0,2,0,0,0,,,,,,,,,,,,,,,,,,,,,,,,,,,,,,,,,28,26,6788,6204,54,242.4285714,238.6153846,240.5925926
T5-A2-1,5-aa,5-A2-aa,5,A2,a,a,aa,1,,,,,1,3,1,3,0,1,2,1,12,7,0,0,4,1,3,10,2,2,1,0,1,1,,,1,,,,,,,,,,,,,,,,,,,,,,,,,,,,,,,,28,29,6696,6852,57,239.1428571,236.2758621,237.6842105
T5-A2-2,5-aa,5-A2-aa,5,A2,a,a,aa,2,,,,,5,3,1,4,1,0,0,4,16,16,0,0,1,2,5,3,0,1,0,0,1,1,1,,,,,,,,,,,,,,,,,,,,,,,,,,,,,,,,,,31,34,7176,7772,65,231.483871,228.5882353,229.9692308
T5-A2-3,5-aa,5-A2-aa,5,A2,a,a,aa,3,,,,,1,0,2,1,1,0,4,3,11,6,0,0,1,0,3,6,1,1,0,0,1,,,,,,,,,,,,,,,,,,,,,,,,,,,,,,,,,,,,25,17,5784,4044,42,231.36,237.8823529,234
T5-A3-1,5-aa,5-A3-aa,5,A3,a,a,aa,1,,,,,2,0,7,7,1,1,0,3,6,7,5,1,0,0,1,1,0,0,0,0,,,,,,,1,,,,,,,,,,,,,,,,,,,,,,,,,,,,,,23,20,5184,4432,43,225.3913043,221.6,223.627907
T5-A3-2,5-aa,5-A3-aa,5,A3,a,a,aa,2,,,,,1,0,3,8,3,1,4,2,8,5,1,3,0,3,0,2,0,0,0,0,1,,,,,,,,,,,,,,,,,,,,,,,,,,,,,,,,,,,,21,24,4688,5408,45,223.2380952,225.3333333,224.3555556
T5-A3-3,5-aa,5-A3-aa,5,A3,a,a,aa,3,,,,,0,0,11,6,3,0,3,2,6,6,3,2,1,2,0,1,2,0,0,0,,,,,,,,,,,,,,,,,,,,,,,,,,,,,,,,,,,,,29,19,6432,4280,48,221.7931034,225.2631579,223.1666667
T5-A4-1,5-aa,5-A4-aa,5,A4,a,a,aa,1,,,,,0,0,5,0,2,0,5,1,8,13,0,2,2,3,1,0,0,2,0,0,0,1,0,0,,,,,,,,,,,,,,,,,,,,,,,,,,,,,,,,,23,22,5136,5224,45,223.3043478,237.4545455,230.2222222
T5-A4-2,5-aa,5-A4-aa,5,A4,a,a,aa,2,,,,,1,0,8,4,3,0,3,2,3,3,0,1,0,1,0,0,0,0,0,0,1,0,0,0,,,,,,,,,,,,,,,,,,,,,,,,,,,,,,,,,19,11,4116,2436,30,216.6315789,221.4545455,218.4
T5-A4-3,5-aa,5-A4-aa,5,A4,a,a,aa,3,,,,,0,0,10,3,0,2,4,1,5,7,2,1,0,1,1,2,0,0,1,0,,,,0,,,,,,,,,,,,,,,,,,,,,,,,,,,,,,,,,23,17,5096,3876,40,221.5652174,228,224.3
T5-A5-1,5-aa,5-A5-aa,5,A5,a,a,aa,1,,,,,1,0,6,3,2,1,3,2,7,9,0,0,0,0,0,1,0,0,0,0,0,1,,,,,,,,,,,,,,,,,,,,,,,,,,,,,,,,,,,19,17,4136,3892,36,217.6842105,228.9411765,223
T5-A5-2,5-aa,5-A5-aa,5,A5,a,a,aa,2,,,,,1,1,3,0,0,0,3,1,8,11,3,5,1,2,3,1,1,1,0,0,1,0,,,,,,,,,,,,,,,,,,,,,,,,,,,,,,,,,,,24,22,5576,5136,46,232.3333333,233.4545455,232.8695652
T5-A5-3,5-aa,5-A5-aa,5,A5,a,a,aa,3,,,,,0,0,4,2,0,0,1,0,12,11,2,4,0,7,2,3,0,2,1,1,1,2,0,2,,2,,,,,,,,,,,,,,,,,,,,,,,,,,,,,,,23,36,5360,8848,59,233.0434783,245.7777778,240.8135593
T5-A6-1,5-aa,5-A6-aa,5,A6,a,a,aa,1,,,,,0,1,3,1,2,2,1,4,12,7,1,1,3,3,3,2,1,1,0,0,,,,,,,,,,,,,,,,,,,,,,,,,,,,,,,,,,,,,26,22,6032,5040,48,232,229.0909091,230.6666667
T5-A6-2,5-aa,5-A6-aa,5,A6,a,a,aa,2,,,,,1,0,3,4,0,0,3,3,4,10,0,2,1,0,0,2,1,0,0,0,,,,,,,,,,,,,,,,,,,,,,,,,,,,,,,,,,,,,13,21,2892,4784,34,222.4615385,227.8095238,225.7647059
T5-A6-3,5-aa,5-A6-aa,5,A6,a,a,aa,3,,,,,0,1,7,2,1,1,6,3,7,9,2,2,0,0,2,1,1,0,0,0,,,,,,,,,,,,,,,,,,,,,,,,,,,,,,,,,,,,,26,19,5832,4284,45,224.3076923,225.4736842,224.8
T5-B1-1,5-bb,5-B1-bb,5,B1,b,b,bb,1,,,,,0,0,8,4,6,5,12,11,7,3,0,0,0,0,0,0,0,0,0,0,,,,,,,,,,,,,,,,,,,,,,,,,,,,,,,,,,,,,33,23,7152,4964,56,216.7272727,215.826087,216.3571429
T5-B1-2,5-bb,5-B1-bb,5,B1,b,b,bb,2,,,,,1,0,9,5,5,3,11,9,2,6,0,0,0,0,0,0,0,0,0,0,1,,,,,1,,,,,,,,,,,,,,,,,,,,,,,,,,,,,,,29,24,6244,5300,53,215.3103448,220.8333333,217.8113208
T5-B1-3,5-bb,5-B1-bb,5,B1,b,b,bb,3,,,,,0,0,14,6,1,4,3,6,2,8,0,0,0,0,0,0,0,0,0,0,,,,,,,,,,,,,,,,,,,,,,,,,,,,,,,,,,,,,20,24,4236,5248,44,211.8,218.6666667,215.5454545
T5-B2-1,5-bb,5-B2-bb,5,B2,b,b,bb,1,,,,,7,1,5,10,2,0,2,0,1,5,0,1,0,0,0,0,0,0,0,0,,,,,,,,,,,,,,,,,,,,,,,,,,,,,,,,,,,,,17,17,3472,3668,34,204.2352941,215.7647059,210
T5-B2-2,5-bb,5-B2-bb,5,B2,b,b,bb,2,,,,,4,0,5,12,2,1,5,0,0,1,0,0,0,0,0,0,0,0,0,0,,,,,,,,,,,,,,,,,,,,,,,,,,,,,,,,,,,,,16,14,3312,2940,30,207,210,208.4
T5-B2-3,5-bb,5-B2-bb,5,B2,b,b,bb,3,,,,,2,2,5,6,3,1,2,5,0,7,0,0,0,0,0,0,0,0,0,0,,,,,,,,,,,,,,,,,,,,,,,,,,,,,,,,,,,,,12,21,2492,4548,33,207.6666667,216.5714286,213.3333333
T5-B3-1,5-bb,5-B3-bb,5,B3,b,b,bb,1,,,,,1,1,7,7,1,1,5,0,3,6,0,0,0,0,0,0,0,0,0,0,,,,,,,,,,,,,,,,,,,,,,,,,,,,,,,,,,,,,17,15,3636,3252,32,213.8823529,216.8,215.25
T5-B3-2,5-bb,5-B3-bb,5,B3,b,b,bb,2,,,,,2,1,5,8,3,2,6,2,3,2,0,0,0,0,0,1,0,0,0,0,,,,,,,,,,,,,,,,,,,,,,,,,,,,,,,,,,,,,19,16,4052,3432,35,213.2631579,214.5,213.8285714
T5-B3-3,5-bb,5-B3-bb,5,B3,b,b,bb,3,,,,,2,1,4,6,2,1,5,4,1,0,0,0,0,0,0,0,0,0,0,0,,,,,,,,,,,,,,,,,,,,,,,,,,,,,,,,,,,,,14,12,2952,2516,26,210.8571429,209.6666667,210.3076923
T5-B4-1,5-bb,5-B4-bb,5,B4,b,b,bb,1,,,,,2,0,7,9,0,0,2,2,0,2,0,0,0,0,0,0,0,0,0,0,,,,,,,,,,,,,,,,,,,,,,,,,,,,,,,,,,,,,11,13,2272,2768,24,206.5454545,212.9230769,210
T5-B4-2,5-bb,5-B4-bb,5,B4,b,b,bb,2,,,,,7,3,2,12,0,0,0,1,0,1,0,0,0,0,0,0,0,0,0,0,,,,,,,,,,,,,,,,,,,,,,,,,,,,,,,,,,,,,9,17,1760,3520,26,195.5555556,207.0588235,203.0769231
T5-B4-3,5-bb,5-B4-bb,5,B4,b,b,bb,3,,,,,2,4,8,8,0,0,1,2,0,1,0,0,0,0,0,0,0,0,0,0,,,,,,,,,,,,,,,,,,,,,,,,,,,,,,,,,,,,,11,15,2264,3096,26,205.8181818,206.4,206.1538462
T5-B5-1,5-bb,5-B5-bb,5,B5,b,b,bb,1,,,,,0,0,9,5,3,1,4,4,2,9,0,0,0,0,0,0,0,0,0,0,,,,,,,,,,,,,,,,,,,,,,,,,,,,,,,,,,,,,18,19,3836,4204,37,213.1111111,221.2631579,217.2972973
T5-B5-2,5-bb,5-B5-bb,5,B5,b,b,bb,2,,,,,0,0,10,5,3,3,3,6,5,6,0,0,0,1,0,1,0,0,0,0,,,,,,,,,,,,,,,,,,,,,,,,,,,,,,,,,,,,,21,22,4524,4860,43,215.4285714,220.9090909,218.2325581
T5-B5-3,5-bb,5-B5-bb,5,B5,b,b,bb,3,,,,,1,0,9,6,1,3,2,5,3,8,0,0,1,0,0,0,0,0,0,0,,1,,,,,,,,,,,,,,,,,,,,,,,,,,,,,,,,,,,17,23,3644,5100,40,214.3529412,221.7391304,218.6
T5-B6-1,5-bb,5-B6-bb,5,B6,b,b,bb,1,,,,,0,0,15,7,1,0,4,1,4,3,0,0,0,0,0,0,0,0,0,0,,,,,,,,1,,,,,,,,,,,,,,,,,,,,,,,,,,,,,24,12,5124,2672,36,213.5,222.6666667,216.5555556
T5-B6-2,5-bb,5-B6-bb,5,B6,b,b,bb,2,,,,,0,0,14,8,1,2,1,3,0,4,0,0,0,1,0,0,0,0,0,0,,,,,,,,,,,,1,,,,,,,,,,,,,,,,,,,,,,,,,16,19,3340,4216,35,208.75,221.8947368,215.8857143
T5-B6-3,5-bb,5-B6-bb,5,B6,b,b,bb,3,,,,,1,0,11,9,2,3,0,6,1,3,0,0,0,0,0,0,0,0,0,0,,,,,,,,,,,,,,,,,,,,,,,,,,,,,,,,,,,,,15,21,3136,4500,36,209.0666667,214.2857143,212.1111111